{
	"name": "Go",
	"build": {
		"dockerfile": "Dockerfile",
		"args": {
			// Update the VARIANT arg to pick a version of Go: 1, 1.15, 1.14
			"VARIANT": "1",
			// Options
			"INSTALL_NODE": "false",
			"NODE_VERSION": "lts/*"
		}
	},
	"runArgs": [ "--cap-add=SYS_PTRACE", "--security-opt", "seccomp=unconfined" ],

	// Set *default* container specific settings.json values on container create.
	"settings": { 
		"terminal.integrated.shell.linux": "/bin/bash",
		"go.useGoProxyToCheckForToolUpdates": false,
		"go.useLanguageServer": true,
		"go.gopath": "/go",
		"go.goroot": "/usr/local/go",
		"go.toolsGopath": "/go/bin"
	},
	
	// Add the IDs of extensions you want installed when the container is created.
	"extensions": [
		"golang.Go"
	],

	// Use 'forwardPorts' to make a list of ports inside the container available locally.
	// "forwardPorts": [],

	// Use 'postCreateCommand' to run commands after the container is created.
	// "postCreateCommand": "go version",

	// Comment out connect as root instead. More info: https://aka.ms/vscode-remote/containers/non-root.
	"remoteUser": "vscode"
}
